,,,,,economy,,,foreign policy
,,,,,economy,,,foreign policy
,,,,,economy,,,
,,,,,economy,,,
,,,,,economy,,,
,,,,,economy,,,foreign policy
,,,,,economy,,,foreign policy
,,,climate,,economy,,,foreign policy
,,,,,economy,,,foreign policy
,,,,gun control,economy,,,foreign policy
,,,,,economy,,,
,,,,,economy,,,
,,,,gun control,economy,,,foreign policy
,,,,,economy,,,foreign policy
,healthcare,,climate,,economy,,,
,,,,,economy,,,
,,,,,economy,,,
,,,,,economy,,,
,,,,,economy,taxes,,foreign policy
,,,,,economy,,,foreign policy
,,,,,economy,taxes,,
,,,,,economy,,,
,,,,,economy,,,
,,,,,economy,,,foreign policy
,,,,,economy,taxes,,
,,,,,economy,,,
,,,,,economy,,,
,,,climate,,economy,,,
,,,,,economy,,,
,,,,,economy,,,
,,,,,economy,,,
,,,,,economy,taxes,,
,,,,,economy,,,foreign policy
,,,,,economy,,,foreign policy
,,,,,economy,,,
,,,,,economy,,,
,,,,,economy,,,
,,,climate,,economy,,,
,,,,,economy,taxes,,
,,,,,economy,,,
,,,,,economy,,,
,,,,,economy,,,
,,,,gun control,economy,,,foreign policy
,,,,,economy,,,
,,,,,economy,,,
,,,,,economy,,,foreign policy
,,,climate,,economy,,,
,,,,,economy,,,foreign policy
,,,,,economy,,,foreign policy
,,,,,economy,,,
,,,,,economy,,,foreign policy
,,,,,economy,,,
,,,,,economy,,,
,,,climate,,economy,,,
,,,,,economy,,,
,,,,,economy,,,foreign policy
,,,,,economy,,,
,,,,,economy,taxes,,
,,,climate,,economy,,,
,,,,,economy,,,
,,,,,economy,,,
,,,,,economy,,,
,,,,,economy,,,
,,,,,economy,,,foreign policy
,,,,,economy,,,
,,,,,economy,taxes,,
,,,,,economy,,,
,,,,,economy,,,
,,,,,economy,,,
,,,,,economy,,,
,,,,,economy,,,
,,,,,economy,,,
military,,,,,,,,
military,,,,,,,,
military,,,,,,,,
military,,,,,,,,
military,,,,,,,,
military,,,,,,,,
military,,,,,,,,foreign policy
military,,,,,,,,
military,,,,,,,,
military,,,,,,,,
military,,,,,,,,
military,,,,,,,,
military,,,,,economy,taxes,,
military,,,,,,,,
military,,,,,,,,
military,,,,,,,,
military,,,,,,,,
military,,,,,,,,
military,,,,,,,,
military,,,,,,,,
military,,,,,,,,
military,,,,,,,,
military,,,,,,,,
military,,,,,,,,
military,,,,,,,,foreign policy
military,,,,,,,,
military,,,,,,,,
military,,,,,,,,foreign policy
military,,,,,,,,
military,,,,,,,,
military,,,,,,,,
military,,,,,,,,
military,,,,,,,,
military,,,,,,,,foreign policy
military,,,,,,,,foreign policy
military,,,,,,,,foreign policy
military,,,,,,,,
military,,,,,,,,
military,,,,,,,,
military,,,,,,,,
military,,,,,,,,
military,,,,,,,,
military,,,,,,,,
military,,,,,,,,
military,,,,,,,,
military,,,,,,,,
military,,,,,,,,
military,,,,,,,,
military,,,,,,taxes,,
military,,,,,,taxes,,
military,,,,,,,,
military,,,,,,,,
military,,,,,,,,
military,,,,,,,,
military,,,,,,,,
military,,,,,,taxes,,
military,,,,,,,,
military,,,,,,,,
military,,,,,,,,
military,,,,,,,,
military,,,,,,taxes,,
military,,,,,,,,foreign policy
military,,,,,,,,foreign policy
military,,,,,,,,
military,,,,,,,,
military,,,,,,,,
military,,,,,,,,
military,,,,,,,,
military,,,,,,,,foreign policy
military,,,,,,,,foreign policy
military,,,,,,taxes,,
military,,,,,,,,
military,,,,,,,,
military,,,,,,taxes,,foreign policy
military,,,,,,,,
military,,,,,,,,
military,,,climate,,,,,
military,,,,,,,,foreign policy
military,,,,,,,,
military,,,climate,,,,,
military,,,,,,,,
military,,,,,,,,
military,,,,,,,,
military,,,,,,,,
military,,,,,,,,
military,,,,,,,,
military,,,,,,,,
,,,,,,taxes,,foreign policy
,healthcare,,climate,,,taxes,education,foreign policy
,,,,,,taxes,,
,,,,,economy,taxes,,foreign policy
,,,,,,taxes,education,
,,,,,,taxes,,
military,,,,,,taxes,,
,,,,,,taxes,,
,,,,,,taxes,,
,,,,,,taxes,education,
,healthcare,,,,,taxes,,
,,,,,,taxes,,
,healthcare,,,,,taxes,,
military,,,,,,taxes,,
,,,,,,taxes,,
,,,,,,taxes,,
military,,,,,,,,foreign policy
,,,,,,taxes,,
,,,,,,taxes,,
,,,,,economy,taxes,,
,,,,gun control,,taxes,,foreign policy
,,,,,,taxes,,
,,,,,,taxes,,
,,,,,,taxes,,
,,,,,,taxes,,
,,,,,economy,taxes,,
,,,,,,taxes,,foreign policy
,,,,,,taxes,,
,,,,,,taxes,,
,,,,,economy,taxes,,
,healthcare,,,,,taxes,,
,,,,,economy,taxes,,
,,,,,,taxes,,
,healthcare,,,,,taxes,,
,,,,,,taxes,,
,,,,,,taxes,,
,,,,,economy,taxes,,foreign policy
,,,,,,taxes,,foreign policy
,,,,,economy,taxes,,
,,,climate,,economy,,,
,,,climate,,,,,
,,,climate,,,,,
,,,climate,,,,,
,,,climate,,,,,
,,,climate,,,,,
,,,climate,,,,,
,,,climate,,,,,
,,,climate,,,,,
,,,climate,,,,,
,,,climate,,,,,
,,,climate,,,,,
,,,climate,,,,,
,,,climate,,,,,
,,,climate,,,,,
,,,climate,,,,,
,,,climate,,,,,
,,,climate,,,,,
,,,climate,,,,,
,,,climate,,,,,
,,,climate,,,,,
,,,climate,,,,,
,,,climate,,,,,
,,,climate,,,,,
,,,climate,,,,,
,,,climate,,,,,
,,,climate,,,,,
,,,climate,,,,,
,,,climate,,,,,
,,,climate,,,,,
,,,climate,,,,,
,,,climate,,,,,
,,,climate,,,,,
,,,climate,,,,,
,,,climate,,,,,
,,,climate,,,,,
,,,climate,,,,,
,,,climate,,,,,
,,,climate,,,,,
,,,climate,,,,,
,,,climate,,,,,
,,,climate,,,,,
,,,,gun control,,,,
,,,,gun control,,,,
,,,,gun control,,,,
,,,,gun control,,,,
,,,,gun control,,,,
,,,,gun control,,,,foreign policy
,,,,gun control,,,,
,,,,gun control,,,,
,,,,gun control,,,,foreign policy
,,,,gun control,,,,
,,,,gun control,,,,foreign policy
,,,,gun control,,,,
,,,,gun control,,,,
,,,,gun control,,,,
,,,,gun control,,,,
,,,,gun control,,,,
,,,,gun control,,,,
,,,,gun control,,,,
,,,,gun control,,,,
,,,,gun control,,,,
,,,,gun control,,,,
,,,,gun control,,,,
,,,,gun control,,,,
,,,,gun control,,,,
,healthcare,,,gun control,,,,
,,,,gun control,,,,foreign policy
,,,,gun control,,,,
,healthcare,,,gun control,,,,
,,,,gun control,,,,
,,,,gun control,,,,
,,,,gun control,,,,
,,,,gun control,,,,
,,,,gun control,,,,
,,,,gun control,,,,
,,,,gun control,,,,
,,,,gun control,,,,
,,,,gun control,,,,foreign policy
,,,,gun control,,,,
,,,,gun control,,,,
,healthcare,,,,,,,
,healthcare,immigration,,,,,,
,healthcare,,,,economy,,,
,healthcare,,,,economy,taxes,,
,healthcare,,,,economy,,,
,healthcare,,,,,taxes,,
,healthcare,,,,,,,
,healthcare,,,,,,,
,healthcare,,,,,,,
,healthcare,,,,,,,
,healthcare,,,,economy,,,
,healthcare,,,gun control,,,,
,healthcare,,,,economy,,,
,healthcare,immigration,,,,,,
,healthcare,,,,,,education,
,healthcare,,,,,,,
,healthcare,,,,,,,
,healthcare,,,,,,,
,healthcare,,,,,,,foreign policy
,healthcare,,,,,,,
,healthcare,,,,,,,
,healthcare,,,,,,,
,healthcare,,,,,,,
,healthcare,,,,,,,
,healthcare,,,,,taxes,,
,healthcare,,,,,,,
,healthcare,,,,,,,
,healthcare,,,,,,,
,healthcare,,,,,,,
,healthcare,,,,,,,
,healthcare,,,,,,,
,healthcare,,,,,,,
,healthcare,,,,,,,
,healthcare,,,,,,,
,healthcare,,,,,,education,
,healthcare,,,,,,,
,healthcare,,,,,,,
,healthcare,,,,,,,
,healthcare,,,,,,,
,healthcare,,,,economy,,,
,healthcare,,,,,,,
,healthcare,,,,,,,
,,,,,,,education,
,,,,,,,education,foreign policy
,,,,,,,education,foreign policy
,,,,,,,education,foreign policy
,,,,,,,education,foreign policy
,,,,,,,education,foreign policy
,,,,,,,education,
,,,,,,,education,
,,,,,,,education,
,healthcare,,,,,,education,foreign policy
,,,,,,,education,
,,,,,,,education,foreign policy
,,,,,,,education,
,,,,,,,education,foreign policy
,,,,,,,education,
,,,,,,,education,foreign policy
,,,,,,,education,
,,,,,,,education,
,,,,,,,education,
,,,,,,,education,
,,,,,,,education,
,,,,,,,education,
,,,,,,,education,
,,,,,,,education,
,,,,,,,education,
,,,,,,,education,foreign policy
,,,,,,,education,
,,,,,,,education,foreign policy
,,,,,,,education,
,,,,,economy,,education,
,,,,,,,education,foreign policy
,healthcare,,,,,,education,
,,,,,,,education,foreign policy
,,,,,,,education,foreign policy
,,,,,,,education,
,,,,,,,education,foreign policy
,,,,,,,education,
,,,,,,,education,foreign policy
,,,,,,,education,
,,,,,,,education,
,,,,,,,education,
,,,,,,,education,foreign policy
,,,,,,,education,
,,,,,,,education,foreign policy
,,,,,,,education,foreign policy
,,,,,,,education,
,,,,,,,education,foreign policy
,,,,,,,education,
,,,,,,,education,
,,,,,,,education,
,,,,,,,education,foreign policy
,,,,,,,education,foreign policy
,,,,,,,education,foreign policy
,healthcare,,,,,,education,
,,,,,,,education,
,,,,,,,education,foreign policy
,,,,,,,education,
,,,,,,,education,foreign policy
,,,,,,,education,
,,,,,,,education,
,,,,,,,education,
,healthcare,,,,,,education,foreign policy
,,,,,,,education,
,,,,,,,education,
,,,,,,,education,foreign policy
,,,,,,,education,
,,,,,,,education,foreign policy
,,,,,,,education,foreign policy
,,,,,,,education,
,,,,,,,education,foreign policy
,,,,,,,education,
,,,,,,,,foreign policy
,,,,,,,,foreign policy
,,,,,,,,foreign policy
,,,,,,,,foreign policy
,,,,,,,,foreign policy
,,,,,,,,foreign policy
,,,,,,,,foreign policy
,,,,,,,,foreign policy
,,,,,,,,foreign policy
,,,,,,,,foreign policy
,,,,,,,,foreign policy
,,,,,,,,foreign policy
,,,,,,,,foreign policy
,,,,,,,,foreign policy
,,,,,,,,foreign policy
,,,,,,,,foreign policy
,,,,,,,,foreign policy
,,,,,,,,foreign policy
,,,,,,,,foreign policy
,,,,,,,,foreign policy
,,,,,,,,foreign policy
,,,,,,,,foreign policy
,,,,,,,,foreign policy
,,,,,,,,foreign policy
,,,,,,,,foreign policy
,,,,,,,,foreign policy
,,,,,,,,foreign policy
,,,,,,,,foreign policy
,,,,,,,,foreign policy
,,,,,,,,foreign policy
,,,,,,,,foreign policy
,,,,,,,,foreign policy
,,,,,,,,foreign policy
,,,,,,,,foreign policy
,,,,,,,,foreign policy
,,,,,,,,foreign policy
,,,,,,,,foreign policy
,,,,,,,,foreign policy
,,,,,,,,foreign policy
,,,,,,,,foreign policy
,,,,,,,,foreign policy
,,,,,,,,foreign policy
,,,,,,,,foreign policy
,,,,,,,,foreign policy
,,immigration,,,,,,foreign policy
,healthcare,immigration,,,,,,
,,immigration,,,economy,,,
,,immigration,,,,,,
,,immigration,,,,,,
,,immigration,,,,,,
,,immigration,,,,,,
,,immigration,,,,,,
,,immigration,,,,,,
,,immigration,,,,,,
,,immigration,,,,,,
,,immigration,,,,,,
,,immigration,,,,,,
,,immigration,,,,,,
,,immigration,,,,,,
,,immigration,,,,,,
,,immigration,,,,,,
,,immigration,climate,,,,,
,,immigration,,,,,,
,,immigration,,,,,,
,,immigration,climate,,,,,
,,immigration,,,,taxes,,
,,immigration,,,,,,
,,immigration,,,,,,
,,immigration,,,,,,
,,immigration,,,,,,foreign policy
,,immigration,,,,,,foreign policy
,,immigration,climate,,,,,
,,immigration,,,,,,
,,immigration,,,,,education,
,,immigration,,,,,,
,,immigration,,,,,,